"NAME","SYNONYMS","ID","CATEGORY","FOOD_GROUP"
"Bread","bread; bun","2","Bakery","Cereals and cereal products"
"Rye Bread","bread-rye","3","Bakery","Cereals and cereal products"
"Wheaten Bread","bread-wheaten","4","Bakery","Cereals and cereal products"
"White Bread","bread-white; baguette","5","Bakery","Cereals and cereal products"
"Wholewheat Bread","bread-whole=wheat","6","Bakery","Cereals and cereal products"
"Fried Potato","potato-fried","374","Bakery","Cereals and cereal products"
"Pasta","pasta","484","Bakery","Cereals and cereal products"
"Biscuit","biscuit","485","Bakery","Cereals and cereal products"
"Marshmallow","marshmallow","792","Bakery","Cereals and cereal products"
"Meringue","meringue","810","Bakery","Cereals and cereal products"
"Potato chip","potato-chip","845","Bakery","Cereals and cereal products"
"Tortilla chip","tortilla-chip","846","Bakery","Cereals and cereal products"
"Corn chip","corn-chip","847","Bakery","Cereals and cereal products"
"Phyllo dough","#phyllo#","900","Bakery","Cereals and cereal products"
"Pie crust","#pie=crust#","902","Bakery","Cereals and cereal products"
"Pita bread","#bread-pita#","923","Bakery","Cereals and cereal products"
"Focaccia","focaccia","924","Bakery","Cereals and cereal products"
"Bagel","bagel","925","Bakery","Cereals and cereal products"
"Piki bread","bread-piki","927","Bakery","Cereals and cereal products"
"French toast","french toast","928","Bakery","Cereals and cereal products"
"Oat bread","#bread-oat#","929","Bakery","Cereals and cereal products"
"Potato bread","potato-bread","930","Bakery","Cereals and cereal products"
"Multigrain bread","#bread-multigrain#","933","Bakery","Cereals and cereal products"
"Rice bread","bread-rice","934","Bakery","Cereals and cereal products"
"Pan dulce","pan dulce","935","Bakery","Cereals and cereal products"
"Raisin bread","#bread-raisin#","936","Bakery","Cereals and cereal products"
"Wonton wrapper","wonton wrapper","937","Bakery","Cereals and cereal products"
"Chocolate mousse","chocolate-mousse","945","Bakery","Cereals and cereal products"
"Fudge","fudge","958","Bakery","Cereals and cereal products"
"Candy bar","candy bar","959","Bakery","Cereals and cereal products"
"Egg","egg","0","Meat","Animal foods"
"Beef","beef; steak; veal; sirloin","270","Meat","Animal foods"
"Beef Processed","beef-processed","271","Meat","Animal foods"
"Chicken","chicken","272","Meat","Animal foods"
"Ham","ham","274","Meat","Animal foods"
"Lamb","lamb; keema","275","Meat","Animal foods"
"Meat","meat","276","Meat","Animal foods"
"Mutton","mutton","277","Meat","Animal foods"
"Pork","pork; pig; bacon","278","Meat","Animal foods"
"Sukiyaki","sukiyaki","279","Meat","Animal foods"
"Turkey","turkey","280","Meat","Animal foods"
"Beaver","beaver","507","Meat","Animal foods"
"Bison","bison","510","Meat","Animal foods"
"Black bear","#bear-black#","511","Meat","Animal foods"
"Wild boar","boar","515","Meat","Animal foods"
"Brown bear","#bear-brown#","520","Meat","Animal foods"
"Buffalo","#buffalo#","521","Meat","Animal foods"
"Caribou","caribou","528","Meat","Animal foods"
"Mule deer","#mule deer#","546","Meat","Animal foods"
"Wild duck","duck","551","Meat","Animal foods"
"Elk","#elk#","553","Meat","Animal foods"
"Emu","emu","554","Meat","Animal foods"
"Greylag goose","goose","562","Meat","Animal foods"
"Horse","horse","568","Meat","Animal foods"
"Moose","moose","589","Meat","Animal foods"
"Muskrat","muskrat","593","Meat","Animal foods"
"Opossum","opossum","600","Meat","Animal foods"
"Ostrich","ostrich","601","Meat","Animal foods"
"Pheasant","pheasant","607","Meat","Animal foods"
"Polar bear","#bear-polar#","614","Meat","Animal foods"
"European rabbit","#rabbit-european#","617","Meat","Animal foods"
"Raccoon","raccoon","618","Meat","Animal foods"
"Squab","squab","651","Meat","Animal foods"
"Squirrel","squirrel","652","Meat","Animal foods"
"Deer","#deer#","686","Meat","Animal foods"
"Rabbit","#rabbit#","690","Meat","Animal foods"
"Beefalo","beefalo","691","Meat","Animal foods"
"Great horned owl","owl","699","Meat","Animal foods"
"Quail","quail","700","Meat","Animal foods"
"Anatidae","anatidae","728","Meat","Animal foods"
"True frog","frog","730","Meat","Animal foods"
"Mountain hare","hare","733","Meat","Animal foods"
"Rock ptarmigan","ptarmigan","745","Meat","Animal foods"
"Snail","snail","751","Meat","Animal foods"
"Columbidae","columbidae","757","Meat","Animal foods"
"Green turtle","turtle","829","Meat","Animal foods"
"Guinea hen","guinea-hen","977","Meat","Animal foods"
"Lard","pork-fat; lard","990","Meat","Animal foods"
"Cured Ham","#ham-cured#","991","Meat","Animal foods"
"Arrack","arrack; arak","8","Beverage Alcoholic","Beverages"
"Beer","beer; lager","9","Beverage Alcoholic","Beverages"
"Bantu Beer","bantu-beer; kaffir-beer","10","Beverage Alcoholic","Beverages"
"Brandy","brandy","11","Beverage Alcoholic","Beverages"
"Anise Brandy","brandy-anise","12","Beverage Alcoholic","Beverages"
"Apple Brandy","brandy-apple","13","Beverage Alcoholic","Beverages"
"Armagnac Brandy","armagnac-brandy","14","Beverage Alcoholic","Beverages"
"Blackberry Brandy","blackberry-brandy","15","Beverage Alcoholic","Beverages"
"Cherry Brandy","brandy-cherry","16","Beverage Alcoholic","Beverages"
"Cognac Brandy","brandy-cognac","17","Beverage Alcoholic","Beverages"
"Papaya Brandy","brandy-papaya","18","Beverage Alcoholic","Beverages"
"Pear Brandy","brandy-pear; palinka; poire williams; rakia","19","Beverage Alcoholic","Beverages"
"Plum Brandy","brandy-plum; slivovitz; tuica; ljivovica; asliwowica; schlivowitz","20","Beverage Alcoholic","Beverages"
"Raspberry Brandy","raspberry-brandy","21","Beverage Alcoholic","Beverages"
"Weinbrand Brandy","weinbrand-brandy","22","Beverage Alcoholic","Beverages"
"Gin","gin","23","Beverage Alcoholic","Beverages"
"Rum","rum","24","Beverage Alcoholic","Beverages"
"Whisky","whisky; whiskey","25","Beverage Alcoholic","Beverages"
"Bourbon Whisky","bourbon-whisky; bourbon-whiskey","26","Beverage Alcoholic","Beverages"
"Canadian Whisky","canadian-whisky; canadian-whiskey","27","Beverage Alcoholic","Beverages"
"Finnish Whisky","finnish-whisky; finnish-whiskey","28","Beverage Alcoholic","Beverages"
"Japanese Whisky","japanese-whisky; japanese-whiskey","29","Beverage Alcoholic","Beverages"
"Malt Whisky","whisky-malt; whiskey-malt","30","Beverage Alcoholic","Beverages"
"Scotch","scotch","31","Beverage Alcoholic","Beverages"
"Wine","wine","32","Beverage Alcoholic","Beverages"
"Bilberry Wine","bilberry-wine","33","Beverage Alcoholic","Beverages"
"Botrytized Wine","botrytized-wine","34","Beverage Alcoholic","Beverages"
"Champagne","champagne","35","Beverage Alcoholic","Beverages"
"Cider","cider","36","Beverage Alcoholic","Beverages"
"Plum Wine","plum-wine","37","Beverage Alcoholic","Beverages"
"Port Wine","port-wine; vinho do porto","38","Beverage Alcoholic","Beverages"
"Red Wine","wine-red","39","Beverage Alcoholic","Beverages"
"Rose Wine","rose-wine; rosada","40","Beverage Alcoholic","Beverages"
"Sake","sake","41","Beverage Alcoholic","Beverages"
"Sherry","sherry","42","Beverage Alcoholic","Beverages"
"Sparkling Wine","sparkling-wine","43","Beverage Alcoholic","Beverages"
"Strawberry Wine","strawberry-wine","44","Beverage Alcoholic","Beverages"
"White Wine","wine-white","45","Beverage Alcoholic","Beverages"
"Spirit","spirit","487","Beverage Alcoholic","Beverages"
"Berry wine","berry-wine","759","Beverage Alcoholic","Beverages"
"Vodka","vodka","762","Beverage Alcoholic","Beverages"
"Vermouth","vermouth","764","Beverage Alcoholic","Beverages"
"Madeira wine","madeira","765","Beverage Alcoholic","Beverages"
"Hops Beer","beer-hops","983","Beverage Alcoholic","Beverages"
"Tequila","tequila","994","Beverage Alcoholic","Beverages"
"Green Beans","bean-green; bean-field; bean-flageolet; bean-french; bean-garden; bean-haricot; bean-string; bean-snap","342","Vegetable","Vegetables"
"Chive","chive","343","Vegetable","Vegetables"
"Endive","endive","344","Vegetable","Vegetables"
"Leek","leek","345","Vegetable","Vegetables"
"Lettuce","lettuce","346","Vegetable","Vegetables"
"Okra","okra; bhindi; lady=finger","347","Vegetable","Vegetables"
"Onion","onion","348","Vegetable","Vegetables"
"Shallot","shallot","349","Vegetable","Vegetables"
"Broccoli","broccoli; broccolini","351","Vegetable","Vegetables"
"Brussels Sprout","brussels=sprout","352","Vegetable","Vegetables"
"Cabbage","cabbage","353","Vegetable","Vegetables"
"Cauliflower","cauliflower","354","Vegetable","Vegetables"
"Horseradish","horseradish","355","Vegetable","Vegetables"
"Mustard","mustard","356","Vegetable","Vegetables"
"Radish","radish; daikon; mooli","357","Vegetable","Vegetables"
"Turnip","turnip","358","Vegetable","Vegetables"
"Kohlrabi","kohlrabi","359","Vegetable","Vegetables"
"Rutabaga","rutabaga","360","Vegetable","Vegetables"
"Wasabi","wasabi","361","Vegetable","Vegetables"
"Capsicum","capsicum; paprika; pepper-bell; pepper-sweet","362","Vegetable","Vegetables"
"Cherry Pepper","pimiento; cherry=pepper","363","Vegetable","Vegetables"
"Tomato","tomato","364","Vegetable","Vegetables"
"Chayote","chayote","365","Vegetable","Vegetables"
"Cucumber","cucumber","366","Vegetable","Vegetables"
"Beetroot","beetroot; beet","367","Vegetable","Vegetables"
"Carrot","carrot","368","Vegetable","Vegetables"
"Parsnip","parsnip","369","Vegetable","Vegetables"
"Sweet Potato","potato-sweet","370","Vegetable","Vegetables"
"Asparagus","asparagus","371","Vegetable","Vegetables"
"Cassava","cassava","372","Vegetable","Vegetables"
"Potato","potato","373","Vegetable","Vegetables"
"Ashgourd","ash=gourd; white=gourd","377","Vegetable","Vegetables"
"Bittergourd","bitter=gourd; squash-bitter","378","Vegetable","Vegetables"
"Bottlegourd","bottle=gourd","379","Vegetable","Vegetables"
"Chard","chard","382","Vegetable","Vegetables"
"Colocasia","colocasia","384","Vegetable","Vegetables"
"Drumstick Leaf","drumstick-leaf","386","Vegetable","Vegetables"
"Eggplant","eggplant; aubergine; brinjal","387","Vegetable","Vegetables"
"Spinach","spinach; palak","396","Vegetable","Vegetables"
"Turkey Berry","turkey=berry","397","Vegetable","Vegetables"
"Redskin onion","onion-red=skin; onion-red","409","Vegetable","Vegetables"
"Burdock","burdock","412","Vegetable","Vegetables"
"Swamp cabbage","cabbage-swamp","427","Vegetable","Vegetables"
"Ginseng","ginseng","465","Vegetable","Vegetables"
"Welsh onion","onion-welsh; onion-spring; scallion","472","Vegetable","Vegetables"
"Komatsuna","komatsuna","475","Vegetable","Vegetables"
"Pak choy","pak=choy; pak=choi","476","Vegetable","Vegetables"
"Kai lan","kai=lan","478","Vegetable","Vegetables"
"Arrowhead","arrowhead","498","Vegetable","Vegetables"
"Arrowroot","arrowroot","499","Vegetable","Vegetables"
"Rapini","rapini","519","Vegetable","Vegetables"
"Corn salad","salad-corn","539","Vegetable","Vegetables"
"Jerusalem artichoke","artichoke-jerusalen","573","Vegetable","Vegetables"
"Kale","kale","576","Vegetable","Vegetables"
"Malabar spinach","spinach-malabar","583","Vegetable","Vegetables"
"Mountain yam","yam-mountain","591","Vegetable","Vegetables"
"New Zealand spinach","spinach-new=zealand","594","Vegetable","Vegetables"
"Prairie turnip","turnip-prairie","615","Vegetable","Vegetables"
"Hedge mustard","mustard-hedge","647","Vegetable","Vegetables"
"Taro","taro","657","Vegetable","Vegetables"
"Towel gourd","gourd-towel","661","Vegetable","Vegetables"
"Yam","yam","673","Vegetable","Vegetables"
"Jicama","jicama","674","Vegetable","Vegetables"
"Tinda","tinda","715","Vegetable","Vegetables"
"Heart of palm","heart of palm","843","Vegetable","Vegetables"
"Tapioca pearl","tapioca","870","Vegetable","Vegetables"
"Green zucchini","zucchini-green","968","Vegetable","Vegetables"
"Zucchini","zucchini","969","Vegetable","Vegetables"
"Cucurbita","cucurbita","978","Vegetable","Vegetables"
"Tomato Paste","#tomato-paste#","987","Vegetable","Vegetables"
"Tomato Puree","#tomato-puree#","988","Vegetable","Vegetables"
"Coriander Seed","coriander-seed","989","Vegetable","Vegetables"
"Sauerkraut","sauerkraut","995","Vegetable","Vegetables"
"Anise","anise; saunf","323","Spice","Herbs and Spices"
"Anise Hyssop","anise-hyssop","324","Spice","Herbs and Spices"
"Star Anise","anise-star","325","Spice","Herbs and Spices"
"Caraway","caraway","326","Spice","Herbs and Spices"
"Cardamom","cardamom; cardamon","327","Spice","Herbs and Spices"
"Cassia","cassia","328","Spice","Herbs and Spices"
"Celery","celery","329","Spice","Herbs and Spices"
"Cinnamon","cinnamon","330","Spice","Herbs and Spices"
"Clove","clove","331","Spice","Herbs and Spices"
"Cumin","cumin; jeera","332","Spice","Herbs and Spices"
"Ginger","ginger","333","Spice","Herbs and Spices"
"Mace","mace","334","Spice","Herbs and Spices"
"Marjoram","marjoram","335","Spice","Herbs and Spices"
"Nutmeg","nutmeg","336","Spice","Herbs and Spices"
"Oregano","oregano","337","Spice","Herbs and Spices"
"Parsley","parsley","338","Spice","Herbs and Spices"
"Pepper","pepper; kaali=mirch","339","Spice","Herbs and Spices"
"Saffron","saffron","340","Spice","Herbs and Spices"
"Turmeric","turmeric; tumeric","341","Spice","Herbs and Spices"
"Allspice","allspice; pimenta; myrtle=pepper","375","Spice","Herbs and Spices"
"Asafoetida","asafoetida; asafetida; hing; asant","376","Spice","Herbs and Spices"
"Carom Seed","carom seed; ajwain","381","Spice","Herbs and Spices"
"Jalapeno","jalapeno","389","Spice","Herbs and Spices"
"Poppy Seed","poppy=seed","395","Spice","Herbs and Spices"
"White Pepper","pepper-white","399","Spice","Herbs and Spices"
"Cayenne","cayenne; chile powder; red chile; habanero; harissa; green chile; green chili; green chilli; green chily; red chily; red chili; red chilli","992","Spice","Herbs and Spices"
"Barley","barley","51","Cereal","Cereals and cereal products"
"Crispbread","crisp=bread","52","Cereal","Cereals and cereal products"
"Malt","malt","53","Cereal","Cereals and cereal products"
"Oats","oat","54","Cereal","Cereals and cereal products"
"Rice","rice","55","Cereal","Cereals and cereal products"
"Rye","rye","320","Cereal","Cereals and cereal products"
"Basmati Rice","basmati","404","Cereal","Cereals and cereal products"
"Tartary buckwheat","buckwheat-tartary","424","Cereal","Cereals and cereal products"
"Sorghum","sorghum","448","Cereal","Cereals and cereal products"
"Wheat","wheat","452","Cereal","Cereals and cereal products"
"Red rice","rice-red","470","Cereal","Cereals and cereal products"
"Hard wheat","wheat-hard; spaghetti","473","Cereal","Cereals and cereal products"
"Triticale","triticale","474","Cereal","Cereals and cereal products"
"Breakfast cereal","cereal","482","Cereal","Cereals and cereal products"
"Sourdough","sourdough","486","Cereal","Cereals and cereal products"
"Quinoa","quinoa","616","Cereal","Cereals and cereal products"
"Spelt","spelt","649","Cereal","Cereals and cereal products"
"Wild rice","rice-wild","670","Cereal","Cereals and cereal products"
"Oriental wheat","wheat-oriental","697","Cereal","Cereals and cereal products"
"Bulgur","bulgur","865","Cereal","Cereals and cereal products"
"Semolina","semolina; sooji","869","Cereal","Cereals and cereal products"
"Flour","#flour#","920","Cereal","Cereals and cereal products"
"Brown Rice","rice-brown","985","Cereal","Cereals and cereal products"
"Soybean Sauce","soy=bean-sauce; soya=bean-sauce; soy-sauce; soya-sauce","291","Plant","Vegetables"
"Allium","allium","300","Plant","Vegetables"
"Alpinia","alpinia","301","Plant","Vegetables"
"Ceriman","ceriman","302","Plant","Vegetables"
"Chicory","chicory","303","Plant","Vegetables"
"Hops","hops","304","Plant","Vegetables"
"Laurel","bay=laurel; bay=leaf","305","Plant","Vegetables"
"Myrtle","myrtle","306","Plant","Vegetables"
"Olive","olive","307","Plant","Vegetables"
"Pine","pine","308","Plant","Vegetables"
"Sassafras","sassafras","309","Plant","Vegetables"
"Tea","tea","310","Plant","Vegetables"
"Fermented Tea","tea-fermented","311","Plant","Vegetables"
"Tobacco","tobacco","312","Plant","Vegetables"
"Watercress","watercress","313","Plant","Vegetables"
"Creosote","creosote","314","Plant","Vegetables"
"Honey","honey","315","Plant","Vegetables"
"Macaroni","macaroni","316","Plant","Vegetables"
"Mustard Oil","mustard-oil","317","Plant","Vegetables"
"Peanut Butter","peanut=butter","318","Plant","Vegetables"
"Peanut Oil","peanut-oil","319","Plant","Vegetables"
"Storax","storax","321","Plant","Vegetables"
"Vinegar","vinegar","322","Plant","Vegetables"
"Apple Cider Vinegar","vinegar-cider; cider=vinegar","383","Plant","Vegetables"
"Lupine","lupine","432","Plant","Vegetables"
"Purslane","purslane","440","Plant","Vegetables"
"Small leaf linden","linden-leaf","451","Plant","Vegetables"
"Longan","longan","466","Plant","Vegetables"
"Abiyuch","abiyuch","490","Plant","Vegetables"
"Bamboo shoots","bamboo-shoot","505","Plant","Vegetables"
"Giant butterbur","butterbur","523","Plant","Vegetables"
"Cardoon","cardoon","527","Plant","Vegetables"
"Carob","carob","530","Plant","Vegetables"
"Cottonseed","cotton=seed","540","Plant","Vegetables"
"Oregon yampah","oregon=yampah","555","Plant","Vegetables"
"Jute","jute","575","Plant","Vegetables"
"Lambsquarters","lambsquarters","578","Plant","Vegetables"
"White lupine","lupine-white","582","Plant","Vegetables"
"Alpine sweetvetch","sweetvetch","586","Plant","Vegetables"
"Nopal","nopal","595","Plant","Vegetables"
"Colorado pinyon","pinyon","610","Plant","Vegetables"
"French plantain","plantain-french","612","Plant","Vegetables"
"Common salsify","salsify","633","Plant","Vegetables"
"Yautia","yautia","675","Plant","Vegetables"
"Alaska wild rhubarb","rhubarb-alaska","696","Plant","Vegetables"
"Rowal","rowal","702","Plant","Vegetables"
"Ostrich fern","ostrich-fern","712","Plant","Vegetables"
"Agave","agave","717","Plant","Vegetables"
"Oil palm","palm-oil","740","Plant","Vegetables"
"Sago palm","palm-sago","741","Plant","Vegetables"
"Black salsify","salsify-black","747","Plant","Vegetables"
"Thistle","thistle","754","Plant","Vegetables"
"Chocolate spread","chocolate spread","806","Plant","Vegetables"
"Cocoa butter","cocoa butter","814","Plant","Vegetables"
"Cocoa powder","cocoa-powder","815","Plant","Vegetables"
"Chocolate","chocolate","817","Plant","Vegetables"
"Tofu","tofu","823","Plant","Vegetables"
"Soy yogurt","soy yogurt; soya yogurt","890","Plant","Vegetables"
"Babassu palm","palm-babassu","895","Plant","Vegetables"
"Shea tree","shea","897","Plant","Vegetables"
"Oil-seed Camellia","camellia","898","Plant","Vegetables"
"Ucuhuba","ucuhuba","899","Plant","Vegetables"
"Tree fern","fern-tree","918","Plant","Vegetables"
"Yellow pond lily","yellow=pond lily","952","Plant","Vegetables"
"Sea Buckthorns","sea=buckthorn","128","Fruit","Fruits"
"Apple","apple","162","Fruit","Fruits"
"Apple Sauce","#apple=sauce#","163","Fruit","Fruits"
"Apricot","apricot","164","Fruit","Fruits"
"Avocado","avocado","165","Fruit","Fruits"
"Babaco","babaco","166","Fruit","Fruits"
"Banana","banana","167","Fruit","Fruits"
"Beli","beli","168","Fruit","Fruits"
"Byrsonima crassifolia","byrsonima crassifolia; changunga; nanche; serette","169","Fruit","Fruits"
"Cashew Apple","cashew=apple","170","Fruit","Fruits"
"Cherimoya","cherimoya; custard apple","171","Fruit","Fruits"
"Coconut","coconut","172","Fruit","Fruits"
"Currant","currant","173","Fruit","Fruits"
"Black Currant","currant-black","174","Fruit","Fruits"
"Red Currant","currant-red","175","Fruit","Fruits"
"White Currant","currant-white","176","Fruit","Fruits"
"Dates","date","177","Fruit","Fruits"
"Durian","durian","178","Fruit","Fruits"
"Elderberry","elder=berry","179","Fruit","Fruits"
"Feijoa","feijoa","180","Fruit","Fruits"
"Fig","fig","181","Fruit","Fruits"
"Grape","grape; merlot","182","Fruit","Fruits"
"Guava","guava","183","Fruit","Fruits"
"Hogplum","hogplum","184","Fruit","Fruits"
"Jackfruit","jackfruit","185","Fruit","Fruits"
"Kiwifruit","kiwi; kiwifruit","186","Fruit","Fruits"
"Litchi","litchi; lychee; lichee","187","Fruit","Fruits"
"Loquat","loquat","188","Fruit","Fruits"
"Malay Apple","malay=apple","189","Fruit","Fruits"
"Mango","mango; amchoor; amchur","190","Fruit","Fruits"
"Melon","melon","191","Fruit","Fruits"
"Musk Melon","musk=melon; honeydew","192","Fruit","Fruits"
"Naranjilla","naranjilla","193","Fruit","Fruits"
"Orange","orange","194","Fruit","Fruits"
"Bitter Orange","orange-bitter; orange-sour","195","Fruit","Fruits"
"Papaya","papaya","196","Fruit","Fruits"
"Mountain Papaya","Papaya-mountain","197","Fruit","Fruits"
"Passionfruit","passionfruit","198","Fruit","Fruits"
"Yellow Passionfruit","passionfruit-yellow","199","Fruit","Fruits"
"Pawpaw","pawpaw","200","Fruit","Fruits"
"Peach","peach; nectarine","201","Fruit","Fruits"
"Pear","pear","202","Fruit","Fruits"
"Bartlett Pear","pear-barlett","203","Fruit","Fruits"
"Prickly Pear","pear-prickly","204","Fruit","Fruits"
"Pepino","pepino; cucumber-sweet","205","Fruit","Fruits"
"Pineapple","pineapple; ananas","206","Fruit","Fruits"
"Plum","plum; prune","207","Fruit","Fruits"
"Plumcot","plumcot; aprium","208","Fruit","Fruits"
"Pumpkin","pumpkin","209","Fruit","Fruits"
"Quince","quince","210","Fruit","Fruits"
"Chinese Quince","quince-chinese","211","Fruit","Fruits"
"Raisin","raisin; sultana","212","Fruit","Fruits"
"Roseapple","rose=apple; java=apple","213","Fruit","Fruits"
"Sapodilla","sapodilla","214","Fruit","Fruits"
"Soursop","soursop","215","Fruit","Fruits"
"Spineless Monkey Orange","spineless=monkey=orange","216","Fruit","Fruits"
"Starfruit","starfruit; carambola","217","Fruit","Fruits"
"Tamarind","tamarind","218","Fruit","Fruits"
"Woodapple","woodapple","219","Fruit","Fruits"
"Bilberry","bilberry","221","Fruit","Fruits"
"Blackberry","blackberry","222","Fruit","Fruits"
"Blueberry","blueberry","223","Fruit","Fruits"
"Cherry","cherry","224","Fruit","Fruits"
"Bitter Cherry","cherry-choke; cherry-bitter","225","Fruit","Fruits"
"Sour Cherry","cherry-morello; cherry-sour","226","Fruit","Fruits"
"Sweet Cherry","cherry-sweet; cherry-wild","227","Fruit","Fruits"
"Cloudberry","cloudberry","228","Fruit","Fruits"
"Cranberry","cranberry","229","Fruit","Fruits"
"Gooseberry","gooseberry","230","Fruit","Fruits"
"Lingonberry","lingonberry","231","Fruit","Fruits"
"Loganberry","loganberry","232","Fruit","Fruits"
"Raspberry","raspberry","233","Fruit","Fruits"
"Strawberry","strawberry","234","Fruit","Fruits"
"Strawberry Jam","strawberry-jam","235","Fruit","Fruits"
"Bergamot","bergamot","236","Fruit","Fruits"
"Citrus Fruits","citrus","237","Fruit","Fruits"
"Grapefruit","grapefruit","238","Fruit","Fruits"
"Kumquat","kumquat","239","Fruit","Fruits"
"Lemon","lemon","240","Fruit","Fruits"
"Lime","lime","241","Fruit","Fruits"
"Mandarin Orange","mandarin","242","Fruit","Fruits"
"Satsuma Orange","mandarin-satsuma","243","Fruit","Fruits"
"Tangerine","tangerine","244","Fruit","Fruits"
"Vanilla","vanilla","245","Fruit","Fruits"
"Pomegranate","pomegranate; anaardana","394","Fruit","Fruits"
"Water Chestnut","water=chestnut; water=caltrop","398","Fruit","Fruits"
"Garcinia Indica","kokum; garnicia=indica","400","Fruit","Fruits"
"Pummelo","pummelo","418","Fruit","Fruits"
"Japanese persimmon","persimmon-japanese","421","Fruit","Fruits"
"Black crowberry","crowberry-black","422","Fruit","Fruits"
"Black huckleberry","huckleberry-black","425","Fruit","Fruits"
"Medlar","medlar","433","Fruit","Fruits"
"Mulberry","mulberry","434","Fruit","Fruits"
"Black mulberry","mulberry-black","435","Fruit","Fruits"
"Red raspberry","raspberry-red","441","Fruit","Fruits"
"Black raspberry","raspberry-black","442","Fruit","Fruits"
"Cherry tomato","cherry=tomato","446","Fruit","Fruits"
"Rowanberry","rowan=berry","447","Fruit","Fruits"
"Sparkleberry","sparkleberry","453","Fruit","Fruits"
"Muscadine grape","grape-muscadine","459","Fruit","Fruits"
"Bayberry","bayberry","460","Fruit","Fruits"
"Elliott's blueberry","blueberry-elliot","461","Fruit","Fruits"
"Canada blueberry","blueberry-canada","462","Fruit","Fruits"
"Buffalo currant","currant-buffalo","463","Fruit","Fruits"
"Deerberry","deer=berry","464","Fruit","Fruits"
"Rambutan","rambutan","469","Fruit","Fruits"
"Jostaberry","jostaberry","477","Fruit","Fruits"
"Skunk currant","currant-skunk","481","Fruit","Fruits"
"Acerola","acerola","491","Fruit","Fruits"
"Winter squash","squash-winter; squash-yellow","493","Fruit","Fruits"
"Breadfruit","breadfruit","517","Fruit","Fruits"
"Butternut squash","butternut-squash; butternut-pumpkin","526","Fruit","Fruits"
"Natal plum","plum-natal","529","Fruit","Fruits"
"Squashberry","squash=berry","542","Fruit","Fruits"
"Groundcherry","groundcherry","564","Fruit","Fruits"
"Jujube","jujube","574","Fruit","Fruits"
"Mammee apple","apple-mammee","584","Fruit","Fruits"
"Purple mangosteen","mangosteen","585","Fruit","Fruits"
"Ohelo berry","berry-ohelo","598","Fruit","Fruits"
"Common persimmon","#persimmon-common#","606","Fruit","Fruits"
"Pitanga","pitanga","611","Fruit","Fruits"
"Malabar plum","plum-malabar","621","Fruit","Fruits"
"Rose hip","Rose-hip","622","Fruit","Fruits"
"Salmonberry","salmon=berry","632","Fruit","Fruits"
"Mexican groundcherry","groundcherry-mexican","660","Fruit","Fruits"
"Boysenberry","boysenberry","701","Fruit","Fruits"
"Persimmon","#persimmon#","742","Fruit","Fruits"
"Horned melon","melon-horned","884","Fruit","Fruits"
"Nance","nance","909","Fruit","Fruits"
"Chinese bayberry","bayberry-chinese","967","Fruit","Fruits"
"Saskatoon berry","berry-saskatoon","970","Fruit","Fruits"
"Nanking cherry","cherry-nanking","971","Fruit","Fruits"
"Japanese pumpkin","pumpkin-japanese","972","Fruit","Fruits"
"Anise Oil","#anise-oil#","979","Fruit","Fruits"
"Apple Juice","apple-juice","980","Fruit","Fruits"
"Coconut Oil","coconut-oil","982","Fruit","Fruits"
"Angelica","angelica","248","Herb","Herbs and Spices"
"Artemisia","artemisia","249","Herb","Herbs and Spices"
"Basil","basil","250","Herb","Herbs and Spices"
"Buckwheat","buckwheat","251","Herb","Herbs and Spices"
"Calamus","calamus","252","Herb","Herbs and Spices"
"Chervil","chervil","253","Herb","Herbs and Spices"
"Coriander","coriander; cilantro","254","Herb","Herbs and Spices"
"Cornmint","cornmint","255","Herb","Herbs and Spices"
"Dill","dill","256","Herb","Herbs and Spices"
"Fennel","fennel","257","Herb","Herbs and Spices"
"Fenugreek","fenugreek; methi","258","Herb","Herbs and Spices"
"Garlic","garlic","259","Herb","Herbs and Spices"
"Lemon Balm","lemon=balm","260","Herb","Herbs and Spices"
"Liqourice","liquorice","261","Herb","Herbs and Spices"
"Mint","mint","262","Herb","Herbs and Spices"
"Rhubarb","rhubarb","263","Herb","Herbs and Spices"
"Rosemary","rosemary","264","Herb","Herbs and Spices"
"Sage","sage","265","Herb","Herbs and Spices"
"Spearmint","spearmint-oil","266","Herb","Herbs and Spices"
"Scotch Spearmint","spearmint-scotch","267","Herb","Herbs and Spices"
"Tarragon","tarragon","268","Herb","Herbs and Spices"
"Thyme","thyme","269","Herb","Herbs and Spices"
"Peppermint","peppermint","350","Herb","Herbs and Spices"
"Curry Leaf","curry=leaf","385","Herb","Herbs and Spices"
"Silver linden","linden-silver","408","Herb","Herbs and Spices"
"Lemon verbena","verbena-lemon","410","Herb","Herbs and Spices"
"Borage","borage","413","Herb","Herbs and Spices"
"Capers","caper","414","Herb","Herbs and Spices"
"Safflower","saf=flower","415","Herb","Herbs and Spices"
"Rocket salad","salad-rocket","423","Herb","Herbs and Spices"
"Garden cress","cress","430","Herb","Herbs and Spices"
"Mexican oregano","oregano-mexican","431","Herb","Herbs and Spices"
"Evening primrose","primrose","436","Herb","Herbs and Spices"
"Sorrel","sorrel","443","Herb","Herbs and Spices"
"Summer savory","savory-summer","444","Herb","Herbs and Spices"
"Winter savory","savory-winter","445","Herb","Herbs and Spices"
"Linden","linden","450","Herb","Herbs and Spices"
"Common verbena","vverbena; vervain","454","Herb","Herbs and Spices"
"Pineappple sage","pineappple-sage","480","Herb","Herbs and Spices"
"Alfalfa","alfalfa","496","Herb","Herbs and Spices"
"Amaranth","amaranth","497","Herb","Herbs and Spices"
"Chia","chia","533","Herb","Herbs and Spices"
"Dock","dock","548","Herb","Herbs and Spices"
"Fireweed","fireweed","559","Herb","Herbs and Spices"
"American pokeweed","pokeweed-american","613","Herb","Herbs and Spices"
"Roselle","roselle","623","Herb","Herbs and Spices"
"Teff","teff","658","Herb","Herbs and Spices"
"Tea leaf willow","tea=leaf-willow","671","Herb","Herbs and Spices"
"Epazote","epazote","708","Herb","Herbs and Spices"
"Sourdock","sourdock","714","Herb","Herbs and Spices"
"Narrowleaf cattail","cattail","718","Herb","Herbs and Spices"
"Frankfurter Sausage","frankfurter-sausage","273","Dish","Dishes"
"Ice cream","ice cream","763","Dish","Dishes"
"Nougat","nougat","766","Dish","Dishes"
"Toffee","toffee","767","Dish","Dishes"
"Cake","cake","768","Dish","Dishes"
"Pizza","pizza","769","Dish","Dishes"
"Pastry","pastry","772","Dish","Dishes"
"Drag̩e","drag̩e","773","Dish","Dishes"
"Chewing gum","chewing gum","774","Dish","Dishes"
"Marzipan","marzipan","775","Dish","Dishes"
"Salad dressing","salad dressing","776","Dish","Dishes"
"Sausage","sausage","782","Dish","Dishes"
"Meatball","meatball","783","Dish","Dishes"
"Pate","pate","784","Dish","Dishes"
"Meat bouillon","bouillon","786","Dish","Dishes"
"Dumpling","dumpling","799","Dish","Dishes"
"Soup","soup","800","Dish","Dishes"
"Remoulade","remoulade","805","Dish","Dishes"
"Fruit gum","fruit gum","807","Dish","Dishes"
"Zwieback","zwieback","824","Dish","Dishes"
"Snack bar","snack bar","828","Dish","Dishes"
"Burrito","burrito","831","Dish","Dishes"
"Hamburger","hamburger","832","Dish","Dishes"
"Taco","taco","834","Dish","Dishes"
"Tortilla","tortilla","835","Dish","Dishes"
"Nachos","nachos","836","Dish","Dishes"
"Salad","salad","837","Dish","Dishes"
"Egg roll","egg roll","842","Dish","Dishes"
"Stew","stew","849","Dish","Dishes"
"Falafel","falafel","852","Dish","Dishes"
"Frybread","#fry=bread#","853","Dish","Dishes"
"Lasagna","lasagna","855","Dish","Dishes"
"Pancake","pancake","857","Dish","Dishes"
"Pudding","pudding","859","Dish","Dishes"
"Waffle","waffle","860","Dish","Dishes"
"Meatloaf","meat=loaf","862","Dish","Dishes"
"Couscous","couscous","864","Dish","Dishes"
"Chimichanga","chimichanga","868","Dish","Dishes"
"Tostada","tostada","871","Dish","Dishes"
"Quesadilla","quesadilla","872","Dish","Dishes"
"Baked potato","potato-baked","873","Dish","Dishes"
"Hot dog","hot=dog","874","Dish","Dishes"
"Enchilada","enchilada","876","Dish","Dishes"
"Adobo","#adobo#","882","Dish","Dishes"
"Hushpuppy","hushpuppy","885","Dish","Dishes"
"Relish","relish","887","Dish","Dishes"
"Fruit salad","fruit salad","889","Dish","Dishes"
"Cold cut","cold cut","893","Dish","Dishes"
"Pie","pie","904","Dish","Dishes"
"Soy cream","#soy cream#","906","Dish","Dishes"
"Ice cream cone","ice cream cone","907","Dish","Dishes"
"Natto","natto","911","Dish","Dishes"
"Ravioli","ravioli","912","Dish","Dishes"
"Scrapple","scrapple","913","Dish","Dishes"
"Succotash","succotash","915","Dish","Dishes"
"Tamale","tamale","916","Dish","Dishes"
"Rice cake","#rice-cake#","917","Dish","Dishes"
"Akutaq","akutaq","921","Dish","Dishes"
"Trail mix","trail mix","938","Dish","Dishes"
"Pupusa","pupusa","947","Dish","Dishes"
"Empanada","empanada","948","Dish","Dishes"
"Arepa","arepa","949","Dish","Dishes"
"Gefilte fish","gefilte","951","Dish","Dishes"
"Fish burger","fish burger","953","Dish","Dishes"
"Pot pie","pot=pie","955","Dish","Dishes"
"Hummus","hummus","963","Dish","Dishes"
"Potato puffs","potato-puff","964","Dish","Dishes"
"Potato gratin","potato-gratin","965","Dish","Dishes"
"Bonito","bonito","148","Fish","Aquatic foods"
"Caviar","caviar","149","Fish","Aquatic foods"
"Codfish","codfish; cod","150","Fish","Aquatic foods"
"Fish","fish; pomfret","151","Fish","Aquatic foods"
"Fatty Fish","fish-fatty","152","Fish","Aquatic foods"
"Lean Fish","fish-lean","153","Fish","Aquatic foods"
"Fish Oil","fish-oil","154","Fish","Aquatic foods"
"Smoked Fish","fish-smoked","155","Fish","Aquatic foods"
"Salmon","#salmon#","156","Fish","Aquatic foods"
"Atlantic herring","#herring-atlantic#","500","Fish","Aquatic foods"
"Atlantic mackerel","#mackerel-atlantic#","501","Fish","Aquatic foods"
"Painted comber","comber","502","Fish","Aquatic foods"
"Atlantic pollock","#pollock-atlantic#","503","Fish","Aquatic foods"
"Atlantic wolffish","wolffish","504","Fish","Aquatic foods"
"Striped bass","bass","506","Fish","Aquatic foods"
"Beluga whale","#whale-beluga#","509","Fish","Aquatic foods"
"Alaska blackfish","blackfish","512","Fish","Aquatic foods"
"Northern bluefin tuna","#tuna-bluefin#","513","Fish","Aquatic foods"
"Bluefish","bluefish","514","Fish","Aquatic foods"
"Bowhead whale","#whale-bowhead#","516","Fish","Aquatic foods"
"Burbot","burbot","522","Fish","Aquatic foods"
"American butterfish","butterfish","524","Fish","Aquatic foods"
"Common carp","carp","531","Fish","Aquatic foods"
"Channel catfish","#catfish-channel#","532","Fish","Aquatic foods"
"Cisco","#cisco#","536","Fish","Aquatic foods"
"Nuttall cockle","nuttall=cockle","537","Fish","Aquatic foods"
"Atlantic croaker","#croaker-atlantic#","543","Fish","Aquatic foods"
"Cusk","cusk","544","Fish","Aquatic foods"
"Cuttlefish","cuttle=fish","545","Fish","Aquatic foods"
"Devilfish","devil=fish","547","Fish","Aquatic foods"
"Dolphin fish","dolphin","549","Fish","Aquatic foods"
"Freshwater drum","drum","550","Fish","Aquatic foods"
"Freshwater eel","eel","552","Fish","Aquatic foods"
"European anchovy","#anchovy-european#","556","Fish","Aquatic foods"
"Turbot","turbot","558","Fish","Aquatic foods"
"Florida pompano","pompano","560","Fish","Aquatic foods"
"Greenland halibut","#halibut-greenland#","563","Fish","Aquatic foods"
"Grouper","grouper","565","Fish","Aquatic foods"
"Haddock","#haddock#","566","Fish","Aquatic foods"
"Hippoglossus","hippoglossus","567","Fish","Aquatic foods"
"Pacific jack mackerel","#mackerel-pacific#","571","Fish","Aquatic foods"
"King mackerel","#mackerel-king#","577","Fish","Aquatic foods"
"Common ling","ling","580","Fish","Aquatic foods"
"Lingcod","lingcod","581","Fish","Aquatic foods"
"Milkfish","milk=fish","587","Fish","Aquatic foods"
"Monkfish","monk=fish","588","Fish","Aquatic foods"
"Striped mullet","mullet","592","Fish","Aquatic foods"
"Ocean pout","#pout-ocean#","596","Fish","Aquatic foods"
"Pacific herring","#herring-pacific#","603","Fish","Aquatic foods"
"Pacific rockfish","rockfish","604","Fish","Aquatic foods"
"Northern pike","pike-northern","608","Fish","Aquatic foods"
"Rainbow smelt","#smelt-rainbow#","619","Fish","Aquatic foods"
"Rainbow trout","#trout-rainbow#","620","Fish","Aquatic foods"
"Orange roughy","orange-roughy","624","Fish","Aquatic foods"
"Sablefish","sable=fish","625","Fish","Aquatic foods"
"Pink salmon","#salmon-pink#","626","Fish","Aquatic foods"
"Chum salmon","#salmon-chum#","627","Fish","Aquatic foods"
"Coho salmon","#salmon-coho#","628","Fish","Aquatic foods"
"Sockeye salmon","#salmon-sockeye#","629","Fish","Aquatic foods"
"Chinook salmon","#salmon-chinook#","630","Fish","Aquatic foods"
"Atlantic salmon","#salmon-atlantic#","631","Fish","Aquatic foods"
"Spanish mackerel","#mackerel-spanish#","634","Fish","Aquatic foods"
"Pacific sardine","sardine","635","Fish","Aquatic foods"
"Scup","scup","636","Fish","Aquatic foods"
"Sea trout","#trout-sea#","641","Fish","Aquatic foods"
"American shad","shad","643","Fish","Aquatic foods"
"Shark","shark","644","Fish","Aquatic foods"
"Sheefish","sheefish","645","Fish","Aquatic foods"
"Sheepshead","sheepshead","646","Fish","Aquatic foods"
"Snapper","snapper","648","Fish","Aquatic foods"
"Greater sturgeon","#sturgeon-greater#","653","Fish","Aquatic foods"
"White sucker","sucker-white","654","Fish","Aquatic foods"
"Pumpkinseed sunfish","sunfish","655","Fish","Aquatic foods"
"Swordfish","swordfish","656","Fish","Aquatic foods"
"Tilefish","tile=fish","659","Fish","Aquatic foods"
"Salmonidae","#salmonidae#","662","Fish","Aquatic foods"
"Walleye","walleye","663","Fish","Aquatic foods"
"Alaska pollock","#pollock-alaska#","664","Fish","Aquatic foods"
"Broad whitefish","#whitefish-broad#","667","Fish","Aquatic foods"
"Whitefish","#whitefish#","668","Fish","Aquatic foods"
"Whiting","#whiting#","669","Fish","Aquatic foods"
"Yellowfin tuna","#tuna-yellowfin#","676","Fish","Aquatic foods"
"Yellowtail amberjack","amberjack","677","Fish","Aquatic foods"
"Pollock","#pollock#","678","Fish","Aquatic foods"
"Albacore tuna","#tuna-albacore#","679","Fish","Aquatic foods"
"Atlantic halibut","#halibut-atlantic#","680","Fish","Aquatic foods"
"Smelt","#smelt#","682","Fish","Aquatic foods"
"Clupeinae","clupeinae","683","Fish","Aquatic foods"
"Percoidei","percoidei","687","Fish","Aquatic foods"
"Perciformes","perciformes","688","Fish","Aquatic foods"
"Flatfish","flatfish","694","Fish","Aquatic foods"
"Spot croaker","#croaker-spot#","713","Fish","Aquatic foods"
"Atlantic menhaden","menhaden","716","Fish","Aquatic foods"
"Anchovy","#anchovy#","720","Fish","Aquatic foods"
"Blue whiting","#whiting-blue#","721","Fish","Aquatic foods"
"Carp bream","bream","722","Fish","Aquatic foods"
"Sturgeon","#sturgeon#","724","Fish","Aquatic foods"
"Charr","charr","725","Fish","Aquatic foods"
"Common dab","dab","726","Fish","Aquatic foods"
"Spiny dogfish","dogfish","727","Fish","Aquatic foods"
"Anguilliformes","anguilliformes","729","Fish","Aquatic foods"
"Garfish","garfish","731","Fish","Aquatic foods"
"Gadiformes","gadiformes","732","Fish","Aquatic foods"
"Lake trout","#trout-lake#","734","Fish","Aquatic foods"
"Lemon sole","lemon-sole","735","Fish","Aquatic foods"
"Lumpsucker","lumpsucker","736","Fish","Aquatic foods"
"Scombridae","scombridae","737","Fish","Aquatic foods"
"Norway haddock","#haddock-norway#","738","Fish","Aquatic foods"
"Norway pout","#pout-norway#","739","Fish","Aquatic foods"
"Pikeperch","#perch-pike#","743","Fish","Aquatic foods"
"Pleuronectidae","pleuronectidae","744","Fish","Aquatic foods"
"Pacific ocean perch","#perch-pacific#","746","Fish","Aquatic foods"
"True sole","sole","752","Fish","Aquatic foods"
"Catfish","#catfish#","753","Fish","Aquatic foods"
"Common Tuna","#tuna#","755","Fish","Aquatic foods"
"Cetacea","cetacea","756","Fish","Aquatic foods"
"Conch","conch","758","Fish","Aquatic foods"
"Roe","roe","825","Fish","Aquatic foods"
"Cichlidae","cichlidae","826","Fish","Aquatic foods"
"Clam","clam","134","Seafood","Aquatic foods"
"Crab","#crab#","135","Seafood","Aquatic foods"
"Crayfish","cray=fish","136","Seafood","Aquatic foods"
"Kelp","kelp","137","Seafood","Aquatic foods"
"Krill","krill","138","Seafood","Aquatic foods"
"Lobster","#lobster#","139","Seafood","Aquatic foods"
"Mollusc","mollusc; mussels","140","Seafood","Aquatic foods"
"Oyster","oyster","141","Seafood","Aquatic foods"
"Prawn","prawn","142","Seafood","Aquatic foods"
"Scallop","scallop","143","Seafood","Aquatic foods"
"Shellfish","shellfish","144","Seafood","Aquatic foods"
"Shrimp","shrimp","145","Seafood","Aquatic foods"
"Trassi","shrimp-paste=dried; trassi","146","Seafood","Aquatic foods"
"Squid","squid","147","Seafood","Aquatic foods"
"Red king crab","#crab-red=king#","495","Seafood","Aquatic foods"
"Common octopus","#octopus#","538","Seafood","Aquatic foods"
"Irish moss","moss-irish","570","Seafood","Aquatic foods"
"Leather chiton","chiton","579","Seafood","Aquatic foods"
"North Pacific giant octopus","#octopus-pacific#","597","Seafood","Aquatic foods"
"Spotted seal","#seal-spotted#","602","Seafood","Aquatic foods"
"Sea cucumber","cucumber-sea","637","Seafood","Aquatic foods"
"Steller sea lion","sea=lion","638","Seafood","Aquatic foods"
"Bearded seal","#seal-bearded#","639","Seafood","Aquatic foods"
"Ringed seal","#seal-ringed#","640","Seafood","Aquatic foods"
"Whelk","whelk","665","Seafood","Aquatic foods"
"Spiny lobster","#lobster-spiny#","684","Seafood","Aquatic foods"
"Bivalvia","bivalvia","693","Seafood","Aquatic foods"
"Walrus","walrus","695","Seafood","Aquatic foods"
"Purple laver","laver","705","Seafood","Aquatic foods"
"Wakame","wakame","706","Seafood","Aquatic foods"
"Jellyfish","jellyfish","719","Seafood","Aquatic foods"
"True seal","#seal#","748","Seafood","Aquatic foods"
"Red algae","algae-red","749","Seafood","Aquatic foods"
"Kombu","kombu","750","Seafood","Aquatic foods"
"Ascidians","ascidians","950","Seafood","Aquatic foods"
"Almond","almond","281","Nuts & Seed","Nuts"
"Brazil Nut","brazil=nut","282","Nuts & Seed","Nuts"
"Cocoa","cocoa","283","Nuts & Seed","Nuts"
"Peanut","peanut","287","Nuts & Seed","Nuts"
"Filbert","filbert","292","Nuts & Seed","Nuts"
"Hazelnut","hazel=nut","293","Nuts & Seed","Nuts"
"Macadamia Nut","macadamia=nut; bush=nut; hawaii=nut","294","Nuts & Seed","Nuts"
"Pecans","pecan","296","Nuts & Seed","Nuts"
"Walnut","walnut","297","Nuts & Seed","Nuts"
"Muskmallow","musk=mallow","298","Nuts & Seed","Nuts"
"Sesame","sesame","299","Nuts & Seed","Nuts"
"Flaxseed","flax=seed","388","Nuts & Seed","Nuts"
"Nigella Seed","nigella-seed; kalonji","392","Nuts & Seed","Nuts"
"Cashew nut","cashew; cashew=nut","411","Nuts & Seed","Nuts"
"Chestnut","chestnut","416","Nuts & Seed","Nuts"
"Pistachio","pistachio","439","Nuts & Seed","Nuts"
"Acorn","acorn","492","Nuts & Seed","Nuts"
"Beech nut","nut-beech","508","Nuts & Seed","Nuts"
"Butternut","butternut","525","Nuts & Seed","Nuts"
"Chinese chestnut","chestnut-chinese","534","Nuts & Seed","Nuts"
"European chestnut","chestnut-european","557","Nuts & Seed","Nuts"
"Ginkgo nuts","nut-ginkgo","561","Nuts & Seed","Nuts"
"Japanese chestnut","chestnut-japanese","572","Nuts & Seed","Nuts"
"Pili nut","nut-pili","609","Nuts & Seed","Nuts"
"Mixed nuts","mixed nut","894","Nuts & Seed","Nuts"
"Artichoke","artichoke","157","Flower","Herbs and Spices"
"Champaca","champaca","158","Flower","Herbs and Spices"
"Jasmine","jasmine","159","Flower","Herbs and Spices"
"Lavendar","lavendar","160","Flower","Herbs and Spices"
"Rose","rose","161","Flower","Herbs and Spices"
"Beans","bean","284","Legume","Herbs and Spices"
"Lima Beans","bean-lima; bean-sieve; butter-bean","285","Legume","Herbs and Spices"
"Kidney Beans","bean-kidney; bean-red; bean-red=kidney; rajma","286","Legume","Herbs and Spices"
"Peas","pea","288","Legume","Herbs and Spices"
"Soybean","soy=bean; soya=bean","289","Legume","Herbs and Spices"
"Soybean Oil","soy=bean-oil; soya=bean-oil","290","Legume","Herbs and Spices"
"Cluster Bean","bean-cluster; bean-guar","401","Legume","Herbs and Spices"
"Pigeon Pea","pea-pigeon; arhar; pea-no=eye; dal-toor; red=gram","403","Legume","Herbs and Spices"
"Chickpea","pea-chick; besan; chickpea; kabuli chana; kala chana; garbanzo","417","Legume","Herbs and Spices"
"Sunflower","sunflower","426","Flower","Herbs and Spices"
"Grass pea","pea-grass","428","Legume","Herbs and Spices"
"Lentils","lentil","429","Legume","Herbs and Spices"
"Millet","millet","437","Legume","Herbs and Spices"
"Scarlet bean","bean-scarlet","438","Legume","Herbs and Spices"
"Dandelion","dandelion","449","Flower","Herbs and Spices"
"Adzuki bean","bean-adzuki","455","Legume","Herbs and Spices"
"Gram bean","bean-gram","456","Legume","Herbs and Spices"
"Mung bean","bean-mung; bean-moong","457","Legume","Herbs and Spices"
"Climbing bean","bean-climbing","458","Legume","Herbs and Spices"
"Garland chrysanthemum","garland=chrysanthemum","535","Flower","Herbs and Spices"
"Catjang pea","pea-catjang","541","Legume","Herbs and Spices"
"Hyacinth bean","bean-hyacinth","569","Legume","Herbs and Spices"
"Moth bean","bean-moth","590","Legume","Herbs and Spices"
"Sesbania flower","sesbania-flower","642","Flower","Herbs and Spices"
"Winged bean","bean-winged","672","Legume","Herbs and Spices"
"Black-eyed pea","pea-black=eyed","685","Legume","Herbs and Spices"
"Yardlong bean","bean-yardlong","698","Legume","Herbs and Spices"
"Wort","wort","7","Beverage","Teas"
"Coffee","coffee","46","Beverage","Teas"
"Mate","mate; yerba","47","Beverage","Teas"
"Black Tea","tea-black","48","Beverage","Teas"
"Green Tea","tea-green","49","Beverage","Teas"
"Roibos Tea","tea-rooibos; tea-bush","50","Beverage","Teas"
"Arabica coffee","coffee-arabica","419","Beverage","Teas"
"Hot chocolate","chocolate-hot; chocolate-heated","818","Beverage","Teas"
"Hibiscus tea","#tea-hibiscus#","848","Beverage","Teas"
"Soy milk","soy=milk; soya=milk","861","Beverage","Teas"
"Cocktail","cocktail","863","Beverage","Teas"
"Coffee mocha","mocha","867","Beverage","Teas"
"Fruit juice","fruit juice","886","Beverage","Teas"
"Greenthread tea","tea-greenthread","939","Beverage","Teas"
"Vegetable juice","vegetable juice","941","Beverage","Teas"
"Horchata","horchata","942","Beverage","Teas"
"Soft drink","soft drink","943","Beverage","Teas"
"Milkshake","milkshake","944","Beverage","Teas"
"Coconut Milk","coconut-milk","981","Beverage","Teas"
"Lemon Juice","lemon juice","984","Beverage","Teas"
"Tomato Juice","#tomato-juice#","986","Beverage","Teas"
"Corn","corn; corn=flour; corn=starch; maize=flour","56","Maize","Cereals and cereal products"
"Corn Oil","corn oil","57","Maize","Cereals and cereal products"
"Popcorn","pop=corn","58","Maize","Cereals and cereal products"
"Sweetcorn","sweet=corn","59","Maize","Cereals and cereal products"
"Cornbread","#corn=bread#","931","Maize","Cereals and cereal products"
"Corn grits","corn-grit","932","Maize","Cereals and cereal products"
"Butter","butter","60","Dairy","Animal foods"
"Buttermilk","buttermilk","61","Dairy","Animal foods"
"Cheese","cheese","62","Dairy","Animal foods"
"Blue Cheese","cheese-blue","63","Dairy","Animal foods"
"Camembert Cheese","cheese-camembert","64","Dairy","Animal foods"
"Cheddar Cheese","cheese-cheddar","65","Dairy","Animal foods"
"Comte Cheese","cheese-comte","66","Dairy","Animal foods"
"Cottage Cheese","cheese-cottage","67","Dairy","Animal foods"
"Cream Cheese","cheese-cream","68","Dairy","Animal foods"
"Domiati Cheese","cheese-white; cheese-domiati","69","Dairy","Animal foods"
"Emmental Cheese","cheese-emmental","70","Dairy","Animal foods"
"Feta Cheese","cheese-feta","71","Dairy","Animal foods"
"Goat Cheese","cheese-goat","72","Dairy","Animal foods"
"Gruyere Cheese","cheese-gruyere","73","Dairy","Animal foods"
"Limburger Cheese","cheese-limburger","74","Dairy","Animal foods"
"Mozzarella Cheese","cheese-mozzarella","75","Dairy","Animal foods"
"Munster Cheese","cheese-munster","76","Dairy","Animal foods"
"Parmesan Cheese","cheese-parmesan","78","Dairy","Animal foods"
"Provolone Cheese","cheese-provolone","79","Dairy","Animal foods"
"Romano Cheese","cheese-romano","80","Dairy","Animal foods"
"Roquefort Cheese","cheese-roquefort","81","Dairy","Animal foods"
"Russian Cheese","cheese-russia","82","Dairy","Animal foods"
"Sheep Cheese","cheese-sheep","83","Dairy","Animal foods"
"Swiss Cheese","cheese-swiss","84","Dairy","Animal foods"
"Tilsit Cheese","cheese-tilsit","85","Dairy","Animal foods"
"Ghee","ghee","87","Dairy","Animal foods"
"Milk","milk","88","Dairy","Animal foods"
"Milk Fat","milk-fat; cream","89","Dairy","Animal foods"
"Goat Milk","goat-milk","90","Dairy","Animal foods"
"Milk Powder","milk-powder","91","Dairy","Animal foods"
"Sheep Milk","sheep-milk","92","Dairy","Animal foods"
"Skimmed Milk","milk-skimmed","93","Dairy","Animal foods"
"Yogurt","yogurt; curd; yoghurt","94","Dairy","Animal foods"
"Paneer","paneer","402","Dairy","Animal foods"
"Ricotta Cheese","cheese-ricotta","405","Dairy","Animal foods"
"Ymer","ymer","770","Dairy","Animal foods"
"Cream","cream","780","Dairy","Animal foods"
"Whey","whey","788","Dairy","Animal foods"
"Milk Human","human milk","796","Dairy","Animal foods"
"Kefir","kefir","820","Dairy","Animal foods"
"Dulce de leche","dulce de leche","839","Dairy","Animal foods"
"Sweet custard","custard","841","Dairy","Animal foods"
"Junket","junket","851","Dairy","Animal foods"
"Evaporated milk","milk-evaporated","919","Dairy","Animal foods"
"Condensed milk","milk-condensed","960","Dairy","Animal foods"
"Achilleas","achillea","95","Essential Oil","Fats and oils"
"Arar","arar","96","Essential Oil","Fats and oils"
"Buchu","buchu","97","Essential Oil","Fats and oils"
"Cajeput","cajeput","98","Essential Oil","Fats and oils"
"Camphor","camphor","99","Essential Oil","Fats and oils"
"Cascarilla","cascarilla","100","Essential Oil","Fats and oils"
"Cedar","cedar","101","Essential Oil","Fats and oils"
"Chamomile","chamomile; camomile","102","Essential Oil","Fats and oils"
"Citronella Oil","citronella-oil","103","Essential Oil","Fats and oils"
"Citrus Peel Oil","citrus-peel=oil","104","Essential Oil","Fats and oils"
"Eucalyptus Oil","eucalyptus-oil","105","Essential Oil","Fats and oils"
"Fir","fir","106","Essential Oil","Fats and oils"
"Geranium","geranium","107","Essential Oil","Fats and oils"
"Grapefruit Peel Oil","grapefruit-peel=oil","108","Essential Oil","Fats and oils"
"Grass","grass","109","Essential Oil","Fats and oils"
"Hops Oil","hops-oil","110","Essential Oil","Fats and oils"
"Hyacinth","hyacinth","111","Essential Oil","Fats and oils"
"Hyssop Oil","hyssop-oil","112","Essential Oil","Fats and oils"
"Lemon Grass","lemon=grass","113","Essential Oil","Fats and oils"
"Lemon Peel Oil","lemon-peel=oil","114","Essential Oil","Fats and oils"
"Lime Peel Oil","lime-peel=oil","115","Essential Oil","Fats and oils"
"Lovage","lovage","116","Essential Oil","Fats and oils"
"Mandarin Orange Peel Oil","mandarin-peel=oil","117","Essential Oil","Fats and oils"
"Mastic Gum","mastic","118","Essential Oil","Fats and oils"
"Mentha Oil","mentha-oil","119","Essential Oil","Fats and oils"
"Myrrh","myrrh","120","Essential Oil","Fats and oils"
"Neroli Oil","neroli-oil","121","Essential Oil","Fats and oils"
"Orange Oil","orange-oil","122","Essential Oil","Fats and oils"
"Orris","orris","123","Essential Oil","Fats and oils"
"Clary Sage","clary-sage","124","Essential Oil","Fats and oils"
"Red Sage","sage-red; sage-wild","125","Essential Oil","Fats and oils"
"Spanish Sage","sage-spanish","126","Essential Oil","Fats and oils"
"Sandalwood","sandalwood","127","Essential Oil","Fats and oils"
"Sweet Grass","sweet=grass","129","Essential Oil","Fats and oils"
"Valerian","valerian","130","Essential Oil","Fats and oils"
"Wattle","wattle","131","Essential Oil","Fats and oils"
"Yarrow","yarrow","132","Essential Oil","Fats and oils"
"Ylang-Ylang","ylang=ylang-oil","133","Essential Oil","Fats and oils"
"Canola Oil","canola-oil","380","Essential Oil","Fats and oils"
"Kenaf","kenaf","390","Essential Oil","Fats and oils"
"Lotus","lotus","391","Essential Oil","Fats and oils"
"Kewda","kewda; kewra","393","Essential Oil","Fats and oils"
"Mushroom","mushroom; porcini","246","Fungus","Mushrooms"
"Truffle","truffle","247","Fungus","Mushrooms"
"Abalone","abalone","489","Fungus","Mushrooms"
"Jew's ear","ear-jew’s","703","Fungus","Mushrooms"
"Shiitake","shiitake","704","Fungus","Mushrooms"
"Enokitake","enokitake","707","Fungus","Mushrooms"
"Oyster mushroom","mushroom-oyster","709","Fungus","Mushrooms"
"Cloud ear fungus","ear-cloud","710","Fungus","Mushrooms"
"Maitake","maitake","711","Fungus","Mushrooms"
"Chanterelle","chanterelle","723","Fungus","Mushrooms"
"Morchella","morchella","856","Fungus","Mushrooms"
"Yeast","yeast","993","Fungus","Mushrooms"
"Agar","agar","494","Additive","Baking goods"
"Spirulina","spirulina","650","Additive","Baking goods"
"Salt","salt","778","Additive","Baking goods"
"Sugar","sugar","781","Additive","Baking goods"
"Casein","casein","789","Additive","Baking goods"
"Leavening agent","leavening agent","791","Additive","Baking goods"
"Gelatin","gelatin","793","Additive","Baking goods"
"Water","water; ice","794","Additive","Baking goods"
"Syrup","syrup","803","Additive","Baking goods"
"Miso","miso","822","Additive","Baking goods"
"Icing","icing","827","Additive","Baking goods"
"Topping","topping","840","Additive","Baking goods"
"Gelatin dessert","gelatin","850","Additive","Baking goods"
"Pectin","pectin","858","Additive","Baking goods"
"Spread","spread","875","Additive","Baking goods"
"Ketchup","#ketchup#","880","Additive","Baking goods"
"Cooking oil","#cooking oil#","901","Additive","Baking goods"
"Shortening","shortening","905","Additive","Baking goods"
"Molasses","molasses; treacle","908","Additive","Baking goods"
"Stuffing","stuffing","956","Additive","Baking goods"
"Margarine","margarine","961","Additive","Baking goods"
"Baking Powder","baking powder; baking soda","996","Additive","Baking goods"
"Monosodium Glutamate","monosodium glutamate","997","Additive","Baking goods"
"Citric Acid","citric acid","998","Additive","Baking goods"
"Cooking Spray","cooking spray","999","Additive","Baking goods"
"Gelatin","gelatin","1000","Additive","Baking goods"
"Food Coloring","food coloring","1001","Additive","Baking goods"
"Liquid Smoke","liquid smoke","1002","Additive","Baking goods"
